math, MATH 211, 1
math, MATH 212, 1
math, MATH 221, 1
math, MATH 250, 1
math, MATH 270, 1
math, MATH 315, 1
math, MATH 318, 1
math, MATH 321, 1
math, MATH 328, 1
math, MATH 330, 1
math, MATH 344, 1
math, MATH 345, 1
math, MATH 346, 1
math, MATH 347, 1
math, MATH 351, 1
math, MATH 352, 1
math, MATH 361, 1
math, MATH 362, 1
math, MATH 411, 1
math, MATH 412, 1
math, MATH 421, 1
math, MATH 422, 1
math, MATH 425, 1
appMath, MATH 315, 1
appMath, MATH 344, 1
appMath, MATH 345, 1
appMath, MATH 346, 1
appMath, MATH 351, 1
csInfo, CS 323, 1
csInfo, CS 325, 1
csInfo, CS 370, 1
csInfo, CS 377, 1
csInfo, CS 378, 1
csInfo, CS 153, 2
csInfo, CS 155, 2
compSci, CS 224, 1
compSci, CS 323, 1
compSci, CS 325, 1
compSci, CS 329, 1
compSci, CS 355, 1
compSci, CS 370, 1
compSci, CS 377, 1
compSci, CS 378, 1
compSci, CS 424, 1
compSci, CS 450, 1
compSci, CS 452, 1
compSci, CS 453, 1
compSci, CS 455, 1
compSci, CS 456, 1
