MATH 211,bam
MATH 221,bam
MATH 250,bam
CS 170,bam
MATH 111,bsm
MATH 112,bsm
MATH 211,bsm
MATH 250,bsm
MATH 318,bsm
MATH 321,bsm
MATH 411,bsm
MATH 412,bsm
MATH 421,bsm
MATH 422,bsm
CS 170,bsm
MATH 111,bsam
MATH 112,bsam
MATH 211,bsam
MATH 212,bsam
MATH 221,bsam
MATH 250,bsam
MATH 315,bsam
MATH 351,bsam
MATH 425,bsam
CS 170,bsam
MATH 425,bsam
MATH 111,bacs
MATH 112,bacs
MATH 221,bacs
CS 170,bacs
CS 171,bacs
CS 224,bacs
CS 255,bacs
CS 323,bacs
MATH 111,bscs
MATH 112,bscs
MATH 221,bscs
CS 170,bscs
CS 171,bscs
CS 224,bscs
CS 255,bscs
CS 323,bscs
CS 424,bscs
CS 450,bscs
MATH 111,bscsm
MATH 112,bscsm
MATH 221,bscsm
MATH 250,bscsm
MATH 315,bscsm
CS 170,bscsm
CS 171,bscsm
CS 224,bscsm
CS 255,bscsm
CS 323,bscsm
CS 424,bscsm
CS 450,bscsm